"{'imgurl': 'http://pics0.baidu.com/feed/eaf81a4c510fd9f9a937e12d04fcfa2f2934a4ac.jpeg?token=84495947c6f9d0a9cfa3df16ee7be335&s=1E02136C4F836F6414A1F5D80200C0B1;http://pics6.baidu.com/feed/caef76094b36acaf72ec681a5d08a31500e99c1a.jpeg?token=7860f9b3266d634201eb3f302a227ae9&s=06B4CC6DC8C26F6C163644990300C08A;http://pics1.baidu.com/feed/024f78f0f736afc3b1bbb57bf0c8c5c1b645124b.jpeg?token=464e9c43e1e4eaed8b4e0105543674af&s=57901D8D1D5152C406D079D6030050B0;',
 'xwname': '中国民营运载火箭零的突破 星际荣耀一箭多星成功入轨'}"
"{'imgurl': 'http://pics4.baidu.com/feed/30adcbef76094b3635ac0532271551dc8c109d15.jpeg?token=07d641b78627c748331e386b43a2b25e&s=708B47B817B0459E5995FC78030000F1;http://pics2.baidu.com/feed/d01373f082025aaf54d9043f7f348661014f1abd.jpeg?token=25e7cdd442e093c23af662331d73e316&s=F980C9146A234E0D484951CB0300E0B0;http://pics3.baidu.com/feed/03087bf40ad162d9c0041638940684e98b13cd0e.jpeg?token=b990e5564a3a892d3889df94e764a2c6&s=F398582343C948E90A45B0CA0100A0B2;',
 'xwname': '索尼又出黑科技！人体外挂空调，你想拥有吗？'}"
"{'imgurl': 'http://pics6.baidu.com/feed/72f082025aafa40f5a791f9364ae2e4a79f01914.jpeg?token=3b29c07357f3c24c39b9ee687cd01323&s=1056ED33176075095ADC90D501005031;http://pics0.baidu.com/feed/48540923dd54564e30ef2c176414b187d0584f62.jpeg?token=7905a814f115aad45f79202a94d8d968&s=C8231F70410EC54D4865F0D90000C0B2;http://pics4.baidu.com/feed/63d0f703918fa0ece8e80427eb5d74eb3d6ddb39.jpeg?token=86d37cc745d34f9a2b9cea2d270541f0&s=FB180DC71E5202CE202D5C390300501A;',
 'xwname': '小米又背锅！侵犯网红肖像权的真相来了，并非小米所为'}"
"{'imgurl': 'http://pics0.baidu.com/feed/267f9e2f0708283838d39c19e84184044d08f13a.jpeg?token=1d77656a39aa9fbfb31c05302f90dde7&s=0AE6E81256CC5FED6C699CDB0300B03C;http://pics3.baidu.com/feed/77094b36acaf2edd9ee3c2aec2c82cec38019340.jpeg?token=8009b051fd4fbbf0b6bbd7fdf37242c6&s=E4B315D71094F9EF0218116A0300E030;',
 'xwname': '为什么李彦宏、比尔盖茨这些大佬做公益尤其关心教育？'}"
"{'imgurl': 'http://pics0.baidu.com/feed/9a504fc2d56285350b1c7c9141265bc3a5ef63d5.jpeg?token=fcb9ebe7639825dc939332ea05827ba7&s=2FEE7A2318FB11A7FD37308C0100E0A1;http://pics2.baidu.com/feed/8435e5dde71190effaa9a7641fd2b013fcfa600d.jpeg?token=793e7f349620f67cd12784810f2a901f&s=1E087023604D76E83CB591CE0100E0A0;http://pics7.baidu.com/feed/a50f4bfbfbedab64606deb7026ff82c678311eb5.jpeg?token=10a9bc16cf187762190d06cba0d108a6&s=A705F000755E37C84ACF969B0300908D;http://pics7.baidu.com/feed/94cad1c8a786c9172cf60f081af45dca3ac7575c.jpeg?token=7fef11798a8af68e556673a9d78d4c5d&s=3AA1E1042730258410739C930300508C;http://pics6.baidu.com/feed/d000baa1cd11728bd77a8f561b35eecbc2fd2cb9.jpeg?token=90237ffa0023d43cd3cbcf88e38028cb&s=B29FA16C1D00376448D181860200C08B;http://pics4.baidu.com/feed/b999a9014c086e06c8a44093d1c156f10bd1cb2d.jpeg?token=a24311f6327c8765f2fefa8e9b9030e3&s=BA8FA1445EA0B37C54DB45860300E08B;http://pics4.baidu.com/feed/d833c895d143ad4b473a25ce51cb77aaa50f06f2.jpeg?token=ced8a9ac97899b8f2b03d27076743026&s=3AA6F1051E003A451E94DD8103007083;',
 'xwname': '想知道自己睡得好不好？试试这个App'}"
"{'imgurl': 'http://pics3.baidu.com/feed/024f78f0f736afc3c0352e0f5dc0c6c1b64512f9.jpeg?token=ae0ee7691ebda0f5247d9c8b1ccd8a70&s=4582D41B032D42AE96E5EDD10100C0A1;http://pics2.baidu.com/feed/574e9258d109b3de08a526ef22664184810a4c7a.jpeg?token=9c7afa6dcb9f738cf3c6b10813e28a95&s=9F9046854E619ACC50BCF1AD0300E001;http://pics1.baidu.com/feed/eac4b74543a9822689638028645b94044b90eb7a.jpeg?token=5b137e71bc2fb3edcf3eb2f7868d5a57&s=D780C9AA0C110ADC228A2BBB0300700E;',
 'xwname': '销量中国第一！小米电视“双喜临门”：全部突破400..'}"
"{'imgurl': 'http://pics6.baidu.com/feed/43a7d933c895d1430ee97957002aaf075baf0702.jpeg?token=6460d3a5d102affd9e5c326fdd2493d0&s=1EC7DC1257C070E95E5499E203007030;http://pics3.baidu.com/feed/2cf5e0fe9925bc3158b4c3772c05a0b4c9137057.jpeg?token=d28f19fcbe4d9e0a6b90a2037e30e95f&s=80F3CD32C0FFF99A8A54C9C2030030A3;http://pics6.baidu.com/feed/dcc451da81cb39db08b62f8ea2cc2421a91830d7.jpeg?token=1275a85489b196a78dafa1f8260f6525&s=ADE47A22D917B6D602DDB517010010C1;',
 'xwname': '三星将在Galaxy Note 10系列上取消Bi..'}"
"{'imgurl': 'http://pics0.baidu.com/feed/d058ccbf6c81800aff85068e6f8f1eff838b470a.jpeg?token=0a6a3e3a24cd477f54b8f1df387275c0&s=2EC020D25AE2388C90A0BC06030060E7;http://pics3.baidu.com/feed/08f790529822720ee6a69eaea4712743f31fabbe.jpeg?token=2d2b182e8dba9c3f8cc31006b75c8768&s=514AB3574E72529E9200306E03003061;http://pics7.baidu.com/feed/42a98226cffc1e178c6e562a952adb06728de91c.jpeg?token=7587ae521db42dcc32cc680e44b7d302&s=ED10739D195178CC0E4DC15D03009033;',
 'xwname': '养眼又护眼，一个绿色手机壳做得到吗？'}"
"{'imgurl': 'http://pics7.baidu.com/feed/37d12f2eb9389b500829980246e1c8d8e5116ee1.jpeg?token=cfd02c04ea53620c66fe579f6054bfe9&s=77945D817EF35D8E419955CB0300B0B0;http://pics4.baidu.com/feed/b7fd5266d01609246cc9bfa616d318ffe4cd34fc.jpeg?token=6e517b0b6e4a7cd9f8213c4fb5ff61e7&s=63AD9B471DB6349A900551B203005008;http://pics1.baidu.com/feed/5ab5c9ea15ce36d389e9b8baf8271782eb50b1a0.jpeg?token=83a288166605c033bbe65473f8812f85&s=BB3059804CC0B2CA8D3D089F030010C2;http://pics1.baidu.com/feed/738b4710b912c8fcb16aab5c3ed7bf40d48821db.jpeg?token=cd85621ba7f7277c64628743f278836f&s=F38399455824C80DB281A0F003004031;http://pics4.baidu.com/feed/d52a2834349b033b29943d96d71a1bd6d439bdbc.jpeg?token=75872c5ce260bbf54c0d20408e7e10d7&s=1A65ED041342154D96C050070300B081;http://pics4.baidu.com/feed/d1160924ab18972b200fc8472419568c9f510a64.jpeg?token=69f24561d87073ad75bd4e2481a9ab62&s=339057850A300609148BE4970300D0AB;http://pics0.baidu.com/feed/d009b3de9c82d158c48adcbc43de34ddbd3e4288.jpeg?token=f3546a02bae56b217590193996c76298&s=E53A35D71045E111128C216003007031;http://pics7.baidu.com/feed/c995d143ad4bd11345e44a6e987b890a4afb059e.jpeg?token=5af7482b5d164c98838b0a3f46c94319&s=D1B68B755C663F3A8C1DD4CE0300F013;',
 'xwname': '搭载可自动调节白平衡的智能屏幕，Google智能音..'}"
"{'imgurl': 'http://pics1.baidu.com/feed/0b55b319ebc4b745c6676af7ac473312888215a4.jpeg?token=74109f7470ced73f5d727bad45e9c7a3&s=785171842E4206D417F4749B03007098;http://pics6.baidu.com/feed/0b55b319ebc4b7458a6c26adac473312888215d5.jpeg?token=5edeab49ba96533d2f5af8f839016441&s=99054990170260EAD2D000DA0300C0B2;http://pics4.baidu.com/feed/42a98226cffc1e177fecc4f9282bdb06718de9ec.jpeg?token=23c61f4b124a5535f5eadb9edcce43a0&s=B2B26122C48482AEED88ACD60000C0E2;http://pics0.baidu.com/feed/94cad1c8a786c917f4b3f944ac865dca3ac7575f.jpeg?token=82ddd141bc00af957e274b5be0c107d8&s=74946C3A1DFAD5CA484160DB0000C0B1;',
 'xwname': '荣耀9X有何过人之处？网友调侃：除了麒麟810，可..'}"
"{'imgurl': 'http://pics5.baidu.com/feed/8cb1cb1349540923b9155d479798fc0cb2de49cb.jpeg?token=d4dc310b90c40f139d77705a59e44a21&s=E1F1A364CEEABC5544DDC7900300808E;http://pics2.baidu.com/feed/359b033b5bb5c9ea779bf23ad1f99b0538f3b3c0.jpeg?token=54c125a46f4b66a607928910468925c6&s=5AA13D627E9EBF845DAD11DE0100C0A2;http://pics4.baidu.com/feed/86d6277f9e2f0708cd871d87ede4959cab01f2f8.jpeg?token=2160a61eb018e9d2398525e7723221de&s=72B3AD6461FBB384670BE89C03005082;',
 'xwname': '紫色限定！《堡垒之夜》主题手柄将可单独购买'}"
"{'imgurl': 'http://pics5.baidu.com/feed/8601a18b87d6277fd36b4e1d7b853235e824fcd8.png?token=9495d7e68a2369046be450794b20b5f0&s=0AE6E81256CC5FED6C699CDB0300A03C;http://pics5.baidu.com/feed/50da81cb39dbb6fd41e380294299861d962b3742.png?token=b10a9cd1d85b043e5dad54530e2fc19b&s=D8F7A144847321946D8A0F8A0300309F;',
 'xwname': '马云马化腾李彦宏入选2019福布斯慈善榜，BAT公..'}"
"{'imgurl': 'http://pics7.baidu.com/feed/a044ad345982b2b7c184c6565611e6ea77099b4e.png?token=df8f40f723ead9cad348bb9094713532&s=951673906E3B6607405D5D5A03008070;http://pics1.baidu.com/feed/2e2eb9389b504fc2e03e39e88261ca1491ef6d3f.png?token=c2ca740bb39c74a4efeae8c0a9610b64&s=F0127C9352D4CA3B9420297003001072;http://pics3.baidu.com/feed/fd039245d688d43f40e3d01c1aa2ff1e0cf43bd3.png?token=c85da53a2ba44c4325b08fe1bd783c31&s=E322D44FFC45D6579EBDF89903009001;',
 'xwname': '方便携带，性能爆表的移动存储硬盘盒'}"
"{'imgurl': 'http://pics6.baidu.com/feed/9f2f070828381f30394cb24cbabd610d6f06f03b.jpeg?token=c479edc2357c81854b7a246c2eb5b26b&s=8FB77D804232B3D058710407030070C9;http://pics7.baidu.com/feed/7acb0a46f21fbe09f8bd84ee78dc21368544adae.jpeg?token=23d184b3b924b8d525c38cd0a0804005&s=C54493462D47BB51167C18B30300F006;http://pics5.baidu.com/feed/4610b912c8fcc3cef868b39281f9fb8dd53f2023.jpeg?token=07469ffd8e82da19a033508091c0aef5&s=A042DB074E5B35D84A2904AB03003010;',
 'xwname': '靠AI选出雷佳音，我们和优酷聊了《长安十二时辰》的..'}"
"{'imgurl': 'http://pic.rmb.bdstatic.com/24990d3999de9cc8390cbd53168f684f7890.gif;http://pics7.baidu.com/feed/8b13632762d0f703027b690bac567c382497c54a.jpeg?token=14f05b03a782024d26286ae67aff23f0&s=0C14E812CDA4F91312581CFC03005032;http://pics0.baidu.com/feed/f9198618367adab4c969972b2e789e198601e44b.jpeg?token=07616019c20e6482b2e5788137d654aa&s=6812EC1A5B1E7FCC085590C40300C0B1;http://pics3.baidu.com/feed/f9dcd100baa1cd113561eb471cbee5f9c2ce2d37.jpeg?token=96ccec1b763e427d40bd2475aab73b72&s=BA8AE901845C75CE3AB484DB0300C0B2;http://pics0.baidu.com/feed/a044ad345982b2b756e01b779401e6ea77099bb3.jpeg?token=37be30cf6b9e08c17a3146ebb2299ccd&s=CA01BA0A71BCF99E4A6520DA0000C0B6;http://pics0.baidu.com/feed/b03533fa828ba61e2588af8ce498ba0f314e5964.jpeg?token=06797a00b9147774b32906d741280ee5&s=7112E53346A675AFD8E110C403007030;http://pics3.baidu.com/feed/aec379310a55b31958aac170e605af23cefc1791.jpeg?token=66243c4a4b8021a62c4d47472e41e016&s=049454917E1356C80E8126E90300A026;http://pics7.baidu.com/feed/242dd42a2834349bba0192d26c4638cb37d3be90.jpeg?token=6e9363dc0a2e46d30687cb3c42bfe980&s=C2209C0B0C386D8C1D7CADDB0300D0B3;http://pics0.baidu.com/feed/023b5bb5c9ea15cee3dc645713ac17f63b87b2f4.jpeg?token=30ca06a3021c805fe888019572a8510d&s=6EC3CD125B1E66C816C560D10300C031;http://pics2.baidu.com/feed/b219ebc4b74543a9feb06020b8bba787bb0114e0.jpeg?token=817cdfa5d569c810808f537f3a60e029&s=C950CD1057DF41CA4EF025DA0300C0B2;http://pics0.baidu.com/feed/f703738da977391295e0a05f5db5ab1d377ae27f.jpeg?token=07ed7c68d0c94ad8f87a1d86240633c0&s=CF144D8BDABE3FAD7F1584CB030000B3;http://pics5.baidu.com/feed/377adab44aed2e73c0c5402222ad8c8e86d6fac6.jpeg?token=baaf21e8a4e4e685e8ebb459fa04f889&s=5AA5796CCBE0A76E5253959B0200908B;',
 'xwname': '微博广告太多？QQ功能臃肿？不如来试试国际版'}"
"{'imgurl': 'http://pics3.baidu.com/feed/e61190ef76c6a7ef10453a15274c8254f2de66da.jpeg?token=0245fd71845e20e63fac9806c45e3891&s=DAB42B8CC8A15C94F3019CD2030080B5;http://pics7.baidu.com/feed/0ff41bd5ad6eddc47f8a222be06d9bf853663328.jpeg?token=804a0640ebdae56ce1abfd40f3d167a6&s=96B550CED7B1B863526EDEA80300601D;http://pics6.baidu.com/feed/342ac65c103853438d8a54f24aa59d7bc88088dc.jpeg?token=9d045e2b6da72a7a757f06d25d0e6bcc&s=2094447CDC63313254BE1DD20300C0AC;http://pics3.baidu.com/feed/a044ad345982b2b753b4ea2ce81be6ea77099b6f.jpeg?token=2aaf67cca9caec3d07290bb5505c47bc&s=325171844D08385140F5659B0300F088;http://pics0.baidu.com/feed/500fd9f9d72a60593a75fe3df282199e023bbaef.jpeg?token=920449d13dfb5652dbf93368f8ba2a67&s=5861A9445B493D7A48DF868B0300B08F;',
 'xwname': '赵明谈荣耀9X：售价过于残暴 一定卖到2000万台..'}"
"{'imgurl': 'http://pics0.baidu.com/feed/cb8065380cd79123dc6b4691a6857487b0b78086.jpeg?token=d1491df547064b69909a2e906ff52851&s=E9128456CC312E8044FA74CC030050BB;',
 'xwname': '百度网盘战略升级：融入IoT，布局5G，对标云端操..'}"
"{'imgurl': 'http://pics6.baidu.com/feed/08f790529822720ee2910dc2317a2743f31fabe6.jpeg?token=667c13868af00a638e73b33bb40ad551&s=5EB5AD4444422CEC229FA88E0300109A;http://pics3.baidu.com/feed/574e9258d109b3def646181d8a0e4184810a4c04.jpeg?token=d9143546c06a6156458f4467e8b8390e&s=17505386073A8FD402D5FC1A030030C1;http://pics1.baidu.com/feed/d62a6059252dd42affad3cce458a76b0c8eab861.jpeg?token=ed53e748458a57ed7cbf242519f5b013&s=38A2059E56820EF07E91238F0300A0A6;http://pics4.baidu.com/feed/9358d109b3de9c82c50eecf72a30ad0f18d84390.jpeg?token=6982f1f6d687cbcff5155fd898178b11&s=F5985B39560252F494148AC30300F0A7;http://pics1.baidu.com/feed/9f510fb30f2442a7bffbc7bc97f2804ed0130263.jpeg?token=b248c5c425b62c94a36dbb22eaab112c&s=123D78848C020ECC2CF6788E0300E098;',
 'xwname': '快手网红手工耿自述：从16岁辍学打工仔到找到兴趣舞..'}"
"{'imgurl': 'http://pics2.baidu.com/feed/4afbfbedab64034f8393a2fad76454340b551d18.jpeg?token=ba11ca6029809e2c2edaa03f18f3fc9f&s=6F84FE0B5ADE77EB0A551CD30300D0B3;http://pics5.baidu.com/feed/18d8bc3eb13533fa68ba8683d074d01a40345bbf.jpeg?token=92800eed3784b34b8ea9f931eb988e38&s=02BE7522290272C81FDC4F7C02001062;',
 'xwname': '00后大学生喜欢用的什么手机，小米手机居不是第一'}"
"{'imgurl': 'http://pics0.baidu.com/feed/adaf2edda3cc7cd9b18c4b32ffb10c3aba0e91e9.jpeg?token=502a18276c2c132bdf344fc66b02aa67&s=32E1716C0CBAA45B1E481C1A0100E0C2;',
 'xwname': '一年新增十万签约门店，悠络客凭什么？'}"
"{'imgurl': 'http://pics5.baidu.com/feed/d043ad4bd11373f049534e3446ad66fefaed0450.jpeg?token=7c38f47c7f7c085062389cc231f25cca&s=7EA83462C5364520564DB1DE000080B3;http://pics4.baidu.com/feed/3ac79f3df8dcd100cef58d6b90296a15b8122fb2.jpeg?token=5c081d47397b28b254edfa201b079d20&s=03D65092BEEF188C6824DBF0030070A5;http://pics0.baidu.com/feed/c2fdfc039245d68867138ce64760501bd31b2482.jpeg?token=d2816d02b13e914bfd5b1fb78fc84333&s=254B905E5AB6B24D4EF4DFBC0300F007;',
 'xwname': '官宣！腾讯Switch国行版官微开通，8月2日上海..'}"
